field_access_code,status
22J-QTK,unused
232-UB9,unused
24B-J7U,unused
252-SUM,unused
26B-B9U,unused
26C-SBR,unused
26Q-E2F,unused
27N-BX5,unused
27Q-VEA,unused
286-E9J,unused
28L-6AF,unused
29B-6WV,unused
29E-HCP,unused
29K-U8U,unused
2B3-ULZ,unused
2BR-GAG,unused
2C6-DDW,unused
2CU-E2K,unused
2DC-4Q6,unused
2E5-2AL,unused
2E5-9TW,unused
2EA-9MF,unused
2EG-ARH,unused
2F8-SEY,unused
2GA-AAW,unused
2GB-N9X,unused
2GC-3P5,unused
2GG-CDS,unused
2GT-RDZ,unused
2GX-V7V,unused
2HX-UJ7,unused
2JA-336,unused
2JE-4FK,unused
2JG-FJG,unused
2JP-GA6,unused
2JR-Y33,unused
2K2-42R,unused
2KS-QUS,unused
2KX-HVS,unused
2LD-25K,unused
2MN-P4J,unused
2MW-Y55,unused
2ND-MQT,unused
2NM-3AG,unused
2P2-JLP,unused
2P6-VUN,unused
2PM-5XZ,unused
2QG-ZAX,unused
2QL-WL9,unused
2RF-B53,unused
2RN-ER3,unused
2S4-6TH,unused
2S9-VCF,unused
2SP-UG4,unused
2SZ-MYC,unused
2TS-8YP,unused
2TU-CNN,unused
2TZ-BFL,unused
2U5-7W6,unused
2UX-EPN,unused
2UZ-BY5,unused
2WG-M5R,unused
2WG-XKY,unused
2XD-4TG,unused
2XF-ZT5,unused
2YJ-UJS,unused
2ZJ-P56,unused
32G-3Q7,unused
337-WN5,unused
33G-SJU,unused
33S-5A4,unused
33W-7VC,unused
34L-52Y,unused
35K-3B5,unused
37S-CZS,unused
38B-S9X,unused
38M-C2W,unused
392-KZK,unused
399-Z3A,unused
39B-GNU,unused
39F-8KW,unused
39G-44C,unused
39R-Y3B,unused
39U-SUA,unused
3A4-ATS,unused
3AC-QUX,unused
3AR-FY4,unused
3B4-UVB,unused
3C3-UHK,unused
3CE-92B,unused
3E8-47T,unused
3ER-543,unused
3H6-5US,unused
3HH-A46,unused
3HJ-C5K,unused
3HN-PTL,unused
3HT-T7Z,unused
3JV-V4U,unused
3KR-XR2,unused
3KX-MJ7,unused
3LF-P3M,unused
3ML-GHH,unused
3NL-UG9,unused
3P4-MBK,unused
3P5-NE7,unused
3P7-UDW,unused
3P9-QRD,unused
3PW-Q47,unused
3QC-4PN,unused
3R3-UFR,unused
3RF-FN9,unused
3RJ-AR9,unused
3RP-UKW,unused
3RQ-F9Z,unused
3S9-23U,unused
3SB-N7T,unused
3SL-ZC2,unused
3T5-Y2U,unused
3T6-VST,unused
3TD-8VK,unused
3TG-Q3X,unused
3TS-CMW,unused
3U9-2HC,unused
3UE-PUC,unused
3VJ-PAX,unused
3VL-MDA,unused
3VT-5VB,unused
3WH-CCG,unused
3XL-KY7,unused
3YE-5WX,unused
3ZA-7AA,unused
3ZP-FV5,unused
423-9YJ,unused
42D-KZ6,unused
42F-XG6,unused
43Y-8MK,unused
447-EZ3,unused
45T-WTP,unused
46E-D6X,unused
46L-GJX,unused
474-5N7,unused
476-BME,unused
47G-62G,unused
47X-7U8,unused
48L-ZR8,unused
49J-KXL,unused
49P-ERZ,unused
4A3-3JH,unused
4A4-3RD,unused
4AS-B9L,unused
4B5-2RN,unused
4B7-REN,unused
4CA-JNP,unused
4CJ-NFM,unused
4DQ-V26,unused
4EQ-LD3,unused
4FG-KKX,unused
4FJ-7Q5,unused
4GB-J8V,unused
4GE-6P7,unused
4GL-TZF,unused
4GN-XH7,unused
4GZ-KCZ,unused
4HZ-JVH,unused
4JG-KTP,unused
4JJ-DA7,unused
4JM-6UA,unused
4K9-4V9,unused
4KC-288,unused
4KM-X8A,unused
4L4-P2E,unused
4LC-255,unused
4LD-96T,unused
4LM-QD2,unused
4M6-6ZH,unused
4MJ-T9D,unused
4MN-C92,unused
4MR-D9V,unused
4N3-NV5,unused
4NL-F8J,unused
4NR-C5R,unused
4NU-JE9,unused
4PZ-ZEL,unused
4R4-C4L,unused
4RD-CE8,unused
4RJ-RH2,unused
4RN-83J,unused
4S8-PY2,unused
4SB-5YP,unused
4SY-W63,unused
4T6-CBE,unused
4VK-KMV,unused
4WC-2DY,unused
4X5-EDE,unused
4XB-GZA,unused
4XJ-A3Z,unused
4XU-TLM,unused
4Y4-WD6,unused
4YG-55P,unused
4YT-LUE,unused
4ZF-XKV,unused
52M-TN7,unused
52P-PM3,unused
52R-A4C,unused
52T-E4W,unused
55U-N9R,unused
57L-9EJ,unused
57Y-UBX,unused
586-W99,unused
58Q-WCQ,unused
59E-NHX,unused
59F-WRF,unused
59W-3F9,unused
5A3-JEM,unused
5AA-CQB,unused
5AA-XCB,unused
5AD-TL7,unused
5AJ-LUH,unused
5AJ-PQE,unused
5AV-LVD,unused
5B2-C3M,unused
5BC-DJE,unused
5BJ-2Z9,unused
5BS-GUR,unused
5BZ-V3H,unused
5CC-DP7,unused
5CR-CX7,unused
5D4-ZQN,unused
5D9-C8W,unused
5EF-AWC,unused
5EF-MT3,unused
5EH-WED,unused
5EZ-27M,unused
5F3-7AH,unused
5F5-QF7,unused
5F8-GG4,unused
5FB-5Y8,unused
5FU-ETC,unused
5G6-WXF,unused
5GW-J8T,unused
5H7-NAZ,unused
5HH-QX8,unused
5HM-LEA,unused
5HU-6PR,unused
5JG-QVR,unused
5JH-DA4,unused
5JK-3V6,unused
5KA-YGZ,unused
5KH-LEH,unused
5KJ-M5Z,unused
5KV-EN9,unused
5LF-TJ4,unused
5LW-K6Z,unused
5MX-2XM,unused
5NG-AMN,unused
5P2-RRV,unused
5P7-EUZ,unused
5P7-P3L,unused
5PY-GKC,unused
5QQ-2T5,unused
5QU-8D8,unused
5QV-TNJ,unused
5QW-P9X,unused
5QX-QHY,unused
5RU-VWV,unused
5SS-5ZP,unused
5T6-WBA,unused
5T8-RLX,unused
5TA-3TQ,unused
5TT-YCV,unused
5U3-L3Q,unused
5U8-UQQ,unused
5UA-XQH,unused
5UQ-NVF,unused
5UT-X6P,unused
5V9-RU5,unused
5VP-97X,unused
5VS-G6N,unused
5WT-4C5,unused
5XV-HLU,unused
5XX-3PK,unused
5Z4-FAN,unused
5ZU-C84,unused
627-DPF,unused
62T-G2H,unused
635-BJZ,unused
63W-269,unused
647-9UQ,unused
647-SH5,unused
64M-H74,unused
653-Q6L,unused
65S-48X,unused
66E-DVS,unused
66N-RL2,unused
677-A4Y,unused
68G-BCN,unused
68U-JNH,unused
69G-8VZ,unused
6A4-A8K,unused
6A4-MZZ,unused
6AG-5W5,unused
6AL-U3D,unused
6AQ-TMS,unused
6AR-DV2,unused
6AT-WRB,unused
6AZ-HLZ,unused
6CQ-5GW,unused
6D5-VAK,unused
6EA-LPX,unused
6EG-7NP,unused
6EU-QMP,unused
6FB-9EN,unused
6FC-PAT,unused
6FY-JXW,unused
6GK-PJW,unused
6GP-WK2,unused
6H2-DTA,unused
6H4-38S,unused
6HD-74X,unused
6HF-3DR,unused
6HT-E3A,unused
6HY-663,unused
6JB-D5C,unused
6JC-X9Z,unused
6JM-EAK,unused
6KG-NZV,unused
6KG-S9Q,unused
6KL-AGX,unused
6KY-5QG,unused
6LG-STF,unused
6MF-4H2,unused
6MH-XUM,unused
6MQ-VPY,unused
6MS-MBD,unused
6NA-J9B,unused
6NE-YQL,unused
6NG-JAK,unused
6PE-UUR,unused
6PQ-YHB,unused
6SU-5E2,unused
6SX-58C,unused
6SY-3LQ,unused
6T4-Z9B,unused
6TC-SMN,unused
6UB-USR,unused
6WT-CUC,unused
6WT-Q79,unused
6XD-6KD,unused
6YH-GWD,unused
6YT-8L6,unused
6YW-6K3,unused
6YW-FHA,unused
6Z3-P53,unused
72R-RL4,unused
73G-DWX,unused
73P-5FZ,unused
744-W4J,unused
759-99J,unused
76E-SN2,unused
76N-SD6,unused
773-8RT,unused
77K-ECV,unused
77L-XFR,unused
78D-G4B,unused
78U-WHH,unused
79G-C4V,unused
7AA-5SF,unused
7AV-J6V,unused
7B3-DQA,unused
7BF-3PL,unused
7BW-U3T,unused
7BX-T7J,unused
7BY-246,unused
7CC-CKR,unused
7D9-KAW,unused
7DA-FBN,unused
7EJ-PJ5,unused
7EN-M59,unused
7FZ-SYD,unused
7G6-VX6,unused
7HB-3EP,unused
7HZ-W6C,unused
7JC-HY6,unused
7JT-L9F,unused
7JY-QWZ,unused
7KW-Y66,unused
7KY-RLG,unused
7LF-5EY,unused
7MM-88Q,unused
7MM-P22,unused
7MQ-FF4,unused
7MX-M9R,unused
7N4-XXL,unused
7N5-B5W,unused
7NV-PF6,unused
7P6-HJY,unused
7PK-CV6,unused
7Q3-BVP,unused
7Q3-HER,unused
7QP-25F,unused
7QZ-J4U,unused
7R9-HNU,unused
7RB-RHA,unused
7RG-WZG,unused
7RL-MZZ,unused
7RU-ECJ,unused
7SD-95Q,unused
7SF-XLP,unused
7TC-N76,unused
7TE-5UT,unused
7TM-7BY,unused
7V9-K82,unused
7VG-7AJ,unused
7VN-BZC,unused
7VP-T85,unused
7VT-RHA,unused
7W4-EM3,unused
7WB-S2N,unused
7WX-ERD,unused
7XR-WV6,unused
7YM-92J,unused
7Z3-MTD,unused
7Z4-CS8,unused
7Z5-2EL,unused
7Z9-3B6,unused
7ZJ-FYK,unused
7ZR-8M4,unused
82M-Z9Y,unused
82U-62X,unused
83N-NQS,unused
83U-JDH,unused
83W-3AA,unused
857-APN,unused
85B-A69,unused
868-JV7,unused
86L-P82,unused
86X-PFR,unused
883-H8N,unused
887-R9X,unused
888-8P5,unused
88V-G52,unused
89E-SDM,unused
89S-LEA,unused
8A2-VRR,unused
8A2-WRQ,unused
8A5-C5J,unused
8AN-BKQ,unused
8B6-FFK,unused
8BK-GXC,unused
8BN-MW6,unused
8BZ-MHK,unused
8CJ-3S7,unused
8CZ-WGH,unused
8D6-X2D,unused
8D8-LFP,unused
8EL-AW5,unused
8F7-SGE,unused
8FG-YJP,unused
8GY-3D4,unused
8HH-UQX,unused
8JH-MAA,unused
8JQ-KJQ,unused
8KQ-LZR,unused
8LA-9PY,unused
8LD-NG8,unused
8LK-ACC,unused
8LL-NJB,unused
8LM-2U6,unused
8LR-9JE,unused
8LY-MCQ,unused
8ML-982,unused
8ML-W2L,unused
8MY-GHN,unused
8N3-D6Z,unused
8N6-HE2,unused
8ND-J9H,unused
8NP-LWL,unused
8P6-LTC,unused
8Q6-93G,unused
8QH-S5S,unused
8QJ-VNX,unused
8R9-49W,unused
8RR-GB7,unused
8SN-G5Y,unused
8T6-LY6,unused
8T7-WXG,unused
8UB-SXX,unused
8UU-7QQ,unused
8V5-PFH,unused
8VF-9RN,unused
8VV-XXV,unused
8W2-3T8,unused
8WP-FEM,unused
8WX-FNY,unused
8WZ-JBE,unused
8XA-3QW,unused
8XJ-45D,unused
8XJ-BR8,unused
8XP-V3U,unused
8XZ-ECS,unused
8Y5-DSH,unused
8YB-CMW,unused
8YD-DDQ,unused
8YL-CG4,unused
8Z4-L8Y,unused
8Z9-KMP,unused
926-Y33,unused
93D-JR7,unused
94Q-P3Q,unused
94T-NCT,unused
954-GNP,unused
954-QD6,unused
95H-W8Z,unused
95N-HQQ,unused
965-8TW,unused
965-LPL,unused
967-V8E,unused
96H-BGH,unused
985-GK9,unused
986-RJN,unused
98W-YMP,unused
99C-YYH,unused
99D-J8V,unused
9AN-4JZ,unused
9AS-EBL,unused
9AV-N9X,unused
9BB-8EB,unused
9BJ-C6C,unused
9BK-V2G,unused
9BT-RXR,unused
9CW-DRY,unused
9DK-D7J,unused
9DW-TQ6,unused
9EC-M67,unused
9ED-WSB,unused
9EH-VXC,unused
9EP-FA4,unused
9FN-YET,unused
9FU-6KS,unused
9FX-Q2M,unused
9G3-JW2,unused
9G5-33Z,unused
9G7-9AS,unused
9GV-B82,unused
9H5-Z2L,unused
9HB-RRF,unused
9HG-JWF,unused
9JJ-L33,unused
9K2-L98,unused
9KG-ZAA,unused
9KW-XBR,unused
9LV-CZV,unused
9M4-YRC,unused
9MD-74Z,unused
9MF-4BP,unused
9NT-ZKF,unused
9PC-GQF,unused
9PG-DKZ,unused
9PR-Z7W,unused
9QX-BFT,unused
9QX-VPL,unused
9RZ-6CW,unused
9S5-GYB,unused
9S6-3SY,unused
9S8-PJH,unused
9T3-SAJ,unused
9TF-QFN,unused
9TL-D2H,unused
9U9-P3G,unused
9UV-QWQ,unused
9V2-7AE,unused
9V2-ZM8,unused
9VJ-XNX,unused
9W8-GJP,unused
9WJ-CKW,unused
9X3-SFF,unused
9X7-6Z2,unused
9XA-8E9,unused
9XH-V2T,unused
9YA-4XQ,unused
9YD-EQQ,unused
9YF-PGY,unused
9Z5-ZWM,unused
9ZD-9HG,unused
9ZT-G4C,unused
A2A-YR8,unused
A2H-28J,unused
A3E-7QJ,unused
A48-MDQ,unused
A4S-GZA,unused
A5A-3WX,unused
A5A-B63,unused
A5F-RKC,unused
A5K-BTP,unused
A5K-PYF,unused
A65-FP7,unused
A65-X8Q,unused
A6A-NKY,unused
A6E-85V,unused
A6F-SQF,unused
A6G-AA6,unused
A7Q-XQN,unused
A7R-ZJ5,unused
A7S-EMJ,unused
A7Z-Y2L,unused
A84-QS3,unused
A8U-5T7,unused
A8V-5RN,unused
A8W-YEF,unused
A96-MC2,unused
A97-GK6,unused
A97-GPB,unused
AA4-WCZ,unused
ABF-6LU,unused
ABP-CM6,unused
AC9-NWP,unused
ACA-FRL,unused
ACD-FQ5,unused
ACG-KQD,unused
ACY-CZB,unused
ADJ-CT9,unused
ADT-F7F,unused
ADU-G4N,unused
ADX-FP7,unused
AE3-DR7,unused
AEH-T42,unused
AEZ-B5M,unused
AFX-TDP,unused
AGS-BPY,unused
AH8-HHQ,unused
AHM-D9Z,unused
AHQ-KTN,unused
AHS-HUW,unused
AHV-RP7,unused
AHZ-T7D,unused
AJ3-H44,unused
AJB-JFW,unused
AJD-E8R,unused
ALB-VZL,unused
ALD-BJP,unused
ALV-46L,unused
ALV-A8V,unused
ALX-BF3,unused
AMQ-HHQ,unused
ANL-67W,unused
ANZ-HU6,unused
APJ-JB8,unused
AQC-XDK,unused
ART-HYG,unused
ATB-NVT,unused
ATL-BMJ,unused
ATN-MEV,unused
ATN-MKV,unused
ATR-3Q2,unused
ATT-7U3,unused
AU2-AQB,unused
AUU-HDL,unused
AUY-NUL,unused
AVY-E3P,unused
AW6-U3W,unused
AWZ-Y2F,unused
AX5-YGA,unused
AXD-MB5,unused
AXM-92D,unused
AXW-R9B,unused
AYX-GC8,unused
AZT-EYE,unused
B25-BPN,unused
B33-9FK,unused
B3D-MZS,unused
B3P-AU2,unused
B3U-GMQ,unused
B3Z-DFC,unused
B3Z-HKE,unused
B4Q-SDS,unused
B4V-JT5,unused
B5H-33F,unused
B5H-ZH9,unused
B5P-JXB,unused
B5Y-HR3,unused
B6E-G4U,unused
B6X-F25,unused
B7J-G3R,unused
B7K-AY7,unused
B7V-UAV,unused
B82-8EV,unused
B8E-3W7,unused
B8H-GD3,unused
BA4-74U,unused
BAA-RJP,unused
BAA-UB2,unused
BAQ-HEG,unused
BAZ-2CP,unused
BAZ-3KN,unused
BBX-SQ2,unused
BBY-RL8,unused
BCJ-5KH,unused
BDL-C6P,unused
BDP-PWH,unused
BDT-E6Q,unused
BDY-8Y2,unused
BEG-RVU,unused
BEH-EUG,unused
BEK-PK2,unused
BFL-VTH,unused
BFT-KJ6,unused
BGB-4TD,unused
BGK-M9C,unused
BHH-RT3,unused
BHJ-ATU,unused
BHU-M23,unused
BJD-2NY,unused
BJJ-FUB,unused
BJN-NW8,unused
BJZ-K56,unused
BKP-NXG,unused
BKQ-ZZV,unused
BMZ-7ZT,unused
BND-ARQ,unused
BNG-7VQ,unused
BNV-K4D,unused
BPG-UQQ,unused
BPW-B3G,unused
BQ4-5RF,unused
BQ9-7DC,unused
BQD-VY7,unused
BQF-LX2,unused
BQY-HCJ,unused
BRL-LQA,unused
BS4-VKQ,unused
BS8-2PX,unused
BSE-CCF,unused
BSK-7JE,unused
BSV-7AD,unused
BSV-Q8W,unused
BT9-YJX,unused
BTJ-TUA,unused
BTP-QQ3,unused
BU4-TKK,unused
BU7-4UN,unused
BU7-LNB,unused
BUP-VCM,unused
BV9-EKR,unused
BVX-MMM,unused
BVZ-RRU,unused
BW7-7ZU,unused
BWD-M9Z,unused
BWN-BJL,unused
BWU-73Y,unused
BX4-B4U,unused
BXV-B8H,unused
BYA-MTK,unused
BYE-V4T,unused
BYS-X2G,unused
BYY-RR9,unused
BZ7-9D6,unused
BZM-CNZ,unused
C23-MJU,unused
C2J-M95,unused
C2M-HFT,unused
C2P-FHT,unused
C2Q-UTH,unused
C3J-U4U,unused
C3T-2E5,unused
C3Y-EKH,unused
C42-8TL,unused
C4S-EC3,unused
C5W-BUM,unused
C6C-P6H,unused
C76-SUV,unused
C76-UQ2,unused
C84-LEE,unused
C8A-7T3,unused
C8A-ENM,unused
C8C-8AW,unused
C8J-BPX,unused
C8M-QGP,unused
C8R-8YL,unused
C8T-JXH,unused
C8U-3LD,unused
C8Z-TAP,unused
C9V-GU6,unused
C9Y-P6V,unused
CA9-U99,unused
CAJ-75D,unused
CB9-ZB7,unused
CBS-5FV,unused
CCF-6NT,unused
CCL-Y38,unused
CCS-CVC,unused
CD9-ENF,unused
CDN-UT8,unused
CEK-2NF,unused
CEU-46H,unused
CGB-TQ5,unused
CGC-7KC,unused
CGD-QLN,unused
CGQ-NT7,unused
CGV-V8K,unused
CHD-VHW,unused
CHY-TBF,unused
CJH-APX,unused
CKG-EAD,unused
CKV-PH5,unused
CL5-5MH,unused
CLP-D7H,unused
CN6-Y6J,unused
CNQ-4QM,unused
CNQ-J57,unused
CPX-YPF,unused
CQH-K3X,unused
CQN-TXK,unused
CR4-UDP,unused
CRA-247,unused
CRS-JY7,unused
CSF-V3K,unused
CSQ-2R3,unused
CSS-XLM,unused
CSY-GBE,unused
CUD-N27,unused
CVD-5WH,unused
CVZ-8CW,unused
CWN-8GE,unused
CWT-8P9,unused
CX3-K9A,unused
CYA-8ZG,unused
CYR-67P,unused
CYU-YT6,unused
CZF-85Q,unused
CZL-GU2,unused
D2E-Z6T,unused
D2G-SFA,unused
D2M-MZY,unused
D3C-D5F,unused
D5A-E22,unused
D5M-YLR,unused
D7C-VQ6,unused
D7G-EY8,unused
D7L-6TA,unused
D82-CNS,unused
D82-Y7Y,unused
D8B-SC6,unused
D8Q-YPZ,unused
D8S-VXT,unused
D8Y-SWE,unused
D9B-UG8,unused
D9J-XKT,unused
DA2-LYA,unused
DAE-9CF,unused
DAH-6V5,unused
DAM-7KF,unused
DB6-CBL,unused
DBC-W2T,unused
DBQ-RH7,unused
DBU-L74,unused
DC4-WRG,unused
DCH-6GC,unused
DCP-QFX,unused
DDC-FUK,unused
DDE-EMX,unused
DDF-EWY,unused
DDU-WKL,unused
DDY-DN9,unused
DEH-P5T,unused
DEN-8UL,unused
DEX-8WV,unused
DFC-BSM,unused
DFK-TZX,unused
DG3-VQ3,unused
DH6-6LQ,unused
DH8-BS6,unused
DHB-GM6,unused
DHQ-NCZ,unused
DJC-RWP,unused
DJN-U3Q,unused
DJR-EA3,unused
DKK-FQV,unused
DKM-Z94,unused
DKP-HAP,unused
DL2-J3U,unused
DL3-643,unused
DLB-BFH,unused
DLC-Y34,unused
DLN-TWX,unused
DLR-KLD,unused
DLR-WGB,unused
DLS-HJY,unused
DM5-GST,unused
DM6-T23,unused
DMM-DNB,unused
DMQ-EWN,unused
DMQ-Z38,unused
DN8-65K,unused
DPN-YMN,unused
DPP-LW2,unused
DQ2-6AF,unused
DQ9-8KS,unused
DQG-YRV,unused
DQK-H4W,unused
DQR-Q6T,unused
DRM-TBY,unused
DRU-RJL,unused
DSQ-22B,unused
DTJ-LNU,unused
DUD-YA6,unused
DVA-BMN,unused
DVM-MBQ,unused
DVV-83U,unused
DW6-4BJ,unused
DX7-3W9,unused
DXY-LAV,unused
DXZ-9PM,unused
DY9-ZMB,unused
DYX-QQY,unused
E22-Y5V,unused
E2H-UDJ,unused
E2U-T7P,unused
E3A-XEZ,unused
E3C-ABL,unused
E44-ENW,unused
E47-WVP,unused
E49-HNG,unused
E4H-VBJ,unused
E4Z-RPU,unused
E58-92A,unused
E5B-T6M,unused
E5K-UB3,unused
E5Q-QZX,unused
E7U-VZE,unused
E8T-VMZ,unused
E9N-233,unused
E9Y-92W,unused
EB2-FZT,unused
EBC-9FG,unused
EBL-6TH,unused
EBS-DCS,unused
EC3-W8R,unused
EC5-L9K,unused
EC7-HAQ,unused
EC8-7WP,unused
EDL-2WM,unused
EDQ-32H,unused
EDQ-B28,unused
EEL-9UX,unused
EF8-2T8,unused
EFR-J9L,unused
EFY-FUN,unused
EFY-W5P,unused
EGM-WV9,unused
EGQ-C2T,unused
EGX-FQ5,unused
EHA-S4J,unused
EHU-KC8,unused
EJ8-4HX,unused
EJG-XXT,unused
EJU-QFE,unused
EKB-EQ9,unused
ELN-KNV,unused
ELV-V2G,unused
EM4-G42,unused
EMN-3DH,unused
EMP-MQT,unused
EN7-8KR,unused
EN9-TQA,unused
ENP-AQB,unused
ENZ-5S2,unused
EP7-RWL,unused
EP9-97L,unused
EPL-EV4,unused
EQ8-Q42,unused
EQA-QYE,unused
EQD-N5P,unused
EQL-NSW,unused
EQP-WSC,unused
EQT-F8S,unused
ER8-W9X,unused
ERB-HM6,unused
ERL-9EQ,unused
ES3-LGQ,unused
ESA-GHP,unused
ESC-MK5,unused
ESD-TTH,unused
ETJ-BBJ,unused
EUL-6XT,unused
EUX-ACT,unused
EVD-BY3,unused
EVZ-YMF,unused
EXL-9CS,unused
EXZ-YD8,unused
EY9-V63,unused
EYH-NCU,unused
EZ3-9U6,unused
EZ3-NPP,unused
EZ7-ZHY,unused
EZ8-TS5,unused
EZ8-XFA,unused
EZX-CQ9,unused
F24-C4T,unused
F3E-HTN,unused
F49-TZY,unused
F5L-76A,unused
F68-M89,unused
F69-8N9,unused
F6Q-JYK,unused
F6V-FP6,unused
F7A-EW7,unused
F7P-474,unused
F87-HXG,unused
F87-QVH,unused
F8J-FWW,unused
F9K-24D,unused
FAG-63N,unused
FAK-55B,unused
FAW-54G,unused
FBA-GGY,unused
FBB-X5F,unused
FBD-2GF,unused
FCQ-RAN,unused
FDP-QAN,unused
FDT-6AU,unused
FEF-AQ9,unused
FEK-5RW,unused
FEU-TNU,unused
FEY-AVW,unused
FEZ-9R4,unused
FFE-HRA,unused
FFP-73C,unused
FGU-TAE,unused
FGZ-ABU,unused
FH5-AT2,unused
FHG-TTZ,unused
FHX-R98,unused
FJC-ZNZ,unused
FJM-3ZR,unused
FJM-5YR,unused
FJR-WSQ,unused
FJX-6QT,unused
FJY-3MW,unused
FL2-6HX,unused
FLE-7CF,unused
FLH-9ZG,unused
FLR-RHB,unused
FLS-DMM,unused
FMF-MS6,unused
FMS-8AS,unused
FMV-JB3,unused
FMZ-ZRH,unused
FN9-VEY,unused
FNA-GTC,unused
FPZ-38Y,unused
FQ3-W5F,unused
FRQ-CVN,unused
FS8-N2H,unused
FSD-AKF,unused
FSE-5U8,unused
FSE-ZFK,unused
FT3-YKC,unused
FUB-MSG,unused
FUR-DF8,unused
FUX-YX8,unused
FUY-XT5,unused
FVK-F9M,unused
FW8-NY8,unused
FX4-4L6,unused
FX6-2JC,unused
FXE-K3S,unused
FXU-KQ5,unused
FXZ-RCN,unused
FYQ-89U,unused
FYS-464,unused
FZL-9XF,unused
FZM-UER,unused
FZU-939,unused
G22-Z7G,unused
G2H-BRP,unused
G2Z-PF9,unused
G34-2XA,unused
G3J-HZ6,unused
G3N-S5K,unused
G4B-KM9,unused
G4R-L3L,unused
G5A-CTX,unused
G5D-F4G,unused
G5K-T9K,unused
G5T-NWF,unused
G6E-7JH,unused
G6P-RCV,unused
G6Y-G3E,unused
G75-C4N,unused
G7M-9GT,unused
G8F-65N,unused
G8Q-KHU,unused
G8Q-Y2S,unused
G9F-CKW,unused
G9L-DNF,unused
GA5-JD5,unused
GBH-6YM,unused
GBW-ZBN,unused
GCN-Y3Q,unused
GDD-UCK,unused
GDJ-WA8,unused
GDM-LMN,unused
GE5-7BX,unused
GEJ-KM7,unused
GF3-D7E,unused
GFE-ZMD,unused
GFF-L82,unused
GFV-AX5,unused
GFV-VS9,unused
GGB-57Y,unused
GGX-KFL,unused
GH9-R3L,unused
GHE-HWK,unused
GHM-GYA,unused
GHR-RLX,unused
GJ6-LRP,unused
GL3-RWS,unused
GL5-HPG,unused
GLU-YPZ,unused
GLY-9EH,unused
GLZ-KGH,unused
GM2-B6Y,unused
GMD-GQB,unused
GN8-F4K,unused
GNL-CMA,unused
GNY-GCH,unused
GP2-53G,unused
GPG-4NZ,unused
GQ5-FEA,unused
GQP-GHK,unused
GRZ-5CH,unused
GS8-ML7,unused
GSZ-Y2V,unused
GTN-NRY,unused
GU3-VQQ,unused
GU5-799,unused
GU8-T9B,unused
GUC-5XT,unused
GUF-Q37,unused
GV6-Y9U,unused
GV9-6KL,unused
GVB-KXG,unused
GY6-2NW,unused
GYC-UES,unused
GYK-UHD,unused
GZ9-T3T,unused
GZS-WTH,unused
H2C-7GB,unused
H2L-FH3,unused
H2P-P8S,unused
H3B-KBG,unused
H3N-9PF,unused
H3Q-UEL,unused
H44-CN7,unused
H4L-F9Z,unused
H4N-H85,unused
H4Q-99K,unused
H4Q-HL7,unused
H4R-KN7,unused
H4Y-AER,unused
H5C-H2N,unused
H6D-FYZ,unused
H6Y-2Z5,unused
H77-FZB,unused
H7D-2BN,unused
H7D-XZA,unused
H7J-URU,unused
H7R-UQH,unused
H86-RUC,unused
H89-T6C,unused
H8D-67P,unused
H8E-PVT,unused
H9N-NW3,unused
HA8-4FJ,unused
HAZ-LF3,unused
HBH-RP6,unused
HBJ-DDR,unused
HBU-U6X,unused
HC6-ZY9,unused
HCR-D4D,unused
HCV-PV7,unused
HD9-YZ3,unused
HDE-8PK,unused
HDH-QJP,unused
HDQ-KMA,unused
HDR-4DF,unused
HE3-LZ8,unused
HE8-3D6,unused
HEW-A4P,unused
HF7-QLP,unused
HFB-NTV,unused
HFL-BLP,unused
HH8-54L,unused
HHP-66B,unused
HJ5-DF3,unused
HJR-4V3,unused
HJS-SA9,unused
HKH-W48,unused
HLQ-QEX,unused
HMB-4X7,unused
HMD-978,unused
HMG-GD9,unused
HMM-L2K,unused
HND-379,unused
HNK-ZAX,unused
HNV-B9M,unused
HPF-WDD,unused
HPL-97Q,unused
HPM-2J8,unused
HPZ-HAE,unused
HQM-8TU,unused
HQR-EE6,unused
HR5-8YR,unused
HRZ-HSV,unused
HSD-29V,unused
HSX-PQU,unused
HTN-8R7,unused
HU3-T7M,unused
HUA-6DB,unused
HUH-RT9,unused
HUR-TU4,unused
HV6-K48,unused
HVD-26A,unused
HVT-CBP,unused
HWB-PWR,unused
HWJ-J2Y,unused
HWL-NXQ,unused
HX8-YDH,unused
HY2-LAG,unused
HYD-KH2,unused
HYL-QEK,unused
HZ3-2XU,unused
HZE-ZN4,unused
HZQ-MDT,unused
J2V-CBG,unused
J38-3D8,unused
J3N-XP8,unused
J3T-NNY,unused
J3X-ADM,unused
J46-R5M,unused
J47-34N,unused
J49-83U,unused
J4L-BZ5,unused
J4U-PPG,unused
J54-5G3,unused
J5A-UTX,unused
J5Y-5SY,unused
J65-UU9,unused
J66-6T5,unused
J6S-3JW,unused
J83-D8V,unused
J8T-UEE,unused
J93-S5B,unused
J9V-JP3,unused
J9W-YJ4,unused
JA2-QFB,unused
JA4-PKP,unused
JA4-VDC,unused
JAJ-K2Q,unused
JAV-WW4,unused
JAZ-ZMG,unused
JBT-QR6,unused
JCP-2SL,unused
JCT-EAJ,unused
JD7-X8E,unused
JDG-DKX,unused
JDJ-A9A,unused
JDR-2M5,unused
JDW-WKK,unused
JDY-YZW,unused
JE2-GDT,unused
JF5-WDV,unused
JFG-GJX,unused
JFJ-V4L,unused
JFK-JXL,unused
JFN-RXS,unused
JGP-6BV,unused
JGR-ZD3,unused
JGV-8KG,unused
JGZ-C6B,unused
JHP-N5R,unused
JJE-ZP9,unused
JJK-GF5,unused
JJM-E93,unused
JK8-4FB,unused
JKJ-L5G,unused
JKS-PYP,unused
JLB-89Y,unused
JLM-YPD,unused
JMV-X59,unused
JMZ-NFC,unused
JPW-FFX,unused
JQ5-KYF,unused
JQN-LTK,unused
JR7-TA3,unused
JRN-JJL,unused
JRZ-ERL,unused
JSG-QFL,unused
JSV-PKK,unused
JSY-UTG,unused
JVV-LPG,unused
JW2-T45,unused
JWA-SR7,unused
JWF-7QY,unused
JWR-9TT,unused
JX2-HRH,unused
JXA-TXH,unused
JY2-7UC,unused
JZ4-SSK,unused
JZA-DUG,unused
JZR-4HS,unused
JZW-4UX,unused
JZX-V56,unused
K2C-VJ9,unused
K37-CTA,unused
K3B-NSZ,unused
K3C-7SY,unused
K3D-RPH,unused
K3W-4N6,unused
K42-MBN,unused
K49-HZZ,unused
K4H-7CN,unused
K53-QK6,unused
K59-7XX,unused
K5R-YBG,unused
K5V-FHF,unused
K5Z-4XL,unused
K69-ZHQ,unused
K75-AZM,unused
K7E-NZD,unused
K7K-3PW,unused
K86-77U,unused
K96-CXG,unused
K9J-3UN,unused
KA6-5JE,unused
KAJ-9VG,unused
KAR-7GB,unused
KB7-YHT,unused
KBD-K6S,unused
KBW-QAU,unused
KD6-FK3,unused
KD8-R5N,unused
KDD-CYG,unused
KDG-MTP,unused
KDH-4G7,unused
KEK-KUM,unused
KEP-3U6,unused
KEZ-4JQ,unused
KFF-E7N,unused
KFR-G5P,unused
KFX-WWL,unused
KGG-HP5,unused
KH6-J3P,unused
KH6-KMQ,unused
KHB-QS2,unused
KHK-5ZL,unused
KHL-QQA,unused
KJ2-Z56,unused
KJG-CVS,unused
KKM-LQG,unused
KKM-STP,unused
KKP-VAX,unused
KKS-K6A,unused
KLF-H59,unused
KLQ-JWB,unused
KMD-76C,unused
KMD-AMP,unused
KMY-9G6,unused
KNF-Q2P,unused
KNQ-BV6,unused
KNS-RP4,unused
KP7-NUQ,unused
KPB-YNC,unused
KPD-ERZ,unused
KPM-U5E,unused
KPQ-KAR,unused
KPT-5K8,unused
KPU-92Z,unused
KPV-V5A,unused
KQD-UZ8,unused
KQS-8C5,unused
KR6-85H,unused
KRC-74V,unused
KRZ-K4H,unused
KS8-8B9,unused
KSS-HPK,unused
KTC-32Q,unused
KTD-2X5,unused
KTT-6GM,unused
KTX-3CF,unused
KTZ-Z7W,unused
KU3-6HQ,unused
KUA-F7X,unused
KUG-VR3,unused
KUV-RZT,unused
KUW-A8A,unused
KUZ-TMN,unused
KVH-ZFB,unused
KVP-XUF,unused
KWG-YFS,unused
KWH-CQJ,unused
KWK-VQ4,unused
KWL-24S,unused
KWU-K8Q,unused
KXE-HMG,unused
KYY-GP4,unused
KZA-49S,unused
KZD-FXN,unused
KZK-3BX,unused
L2B-SJ4,unused
L2B-ZX2,unused
L2R-RY9,unused
L33-5KL,unused
L4C-NRA,unused
L4E-E54,unused
L5C-XJV,unused
L5Q-LXY,unused
L5R-5ZR,unused
L5T-MCB,unused
L5X-CGK,unused
L62-AU3,unused
L6R-D6M,unused
L6X-KVL,unused
L6Y-8FQ,unused
L73-WPR,unused
L78-G6E,unused
L7R-36A,unused
L87-MME,unused
L8Y-4BL,unused
LAQ-BML,unused
LAS-MCD,unused
LAY-FDF,unused
LBG-XUY,unused
LBJ-SYL,unused
LBU-S7R,unused
LCA-XEW,unused
LCC-BDF,unused
LCN-PRM,unused
LCR-AJS,unused
LDB-AW2,unused
LDD-V56,unused
LEJ-CWP,unused
LF7-8AN,unused
LF7-A2Q,unused
LFB-YBG,unused
LGD-CBV,unused
LGM-623,unused
LH3-UFV,unused
LJ4-WZ6,unused
LJ7-TK5,unused
LJ8-RXX,unused
LJA-WV4,unused
LLL-MY4,unused
LLQ-CZZ,unused
LLR-9LE,unused
LLU-66A,unused
LM6-GLS,unused
LMN-A4P,unused
LN7-LUH,unused
LN8-LH4,unused
LN8-ZZV,unused
LN9-JFP,unused
LP5-YHJ,unused
LPA-USE,unused
LPM-DYM,unused
LQH-EBL,unused
LQW-RDL,unused
LQZ-Y3T,unused
LR9-LVC,unused
LRM-243,unused
LSD-YN4,unused
LSE-MA7,unused
LSE-ZQ2,unused
LSQ-DCF,unused
LSV-RPM,unused
LTL-FAU,unused
LTR-PMM,unused
LTU-PD7,unused
LUC-4KD,unused
LUQ-8SH,unused
LWG-AQB,unused
LWM-VKC,unused
LWX-WED,unused
LXQ-8K4,unused
LXZ-WSW,unused
LZD-W7W,unused
LZD-WFK,unused
LZH-CRG,unused
LZH-V7W,unused
LZX-5Y5,unused
M2M-ABN,unused
M3C-KR3,unused
M3F-ALP,unused
M3K-THY,unused
M3R-KUV,unused
M4J-Y2H,unused
M4Q-WYT,unused
M56-VZS,unused
M5F-MXL,unused
M5L-5YN,unused
M5X-PJS,unused
M63-R7N,unused
M64-4M6,unused
M6J-4TU,unused
M6W-BMD,unused
M6X-CHL,unused
M6Y-XTK,unused
M7B-9QU,unused
M85-V26,unused
M8T-E39,unused
M98-26R,unused
M9H-6CD,unused
MA4-CXT,unused
MAQ-SBT,unused
MAU-HNU,unused
MAV-8BK,unused
MB5-JCD,unused
MB8-AWF,unused
MBB-NR9,unused
MCB-9SV,unused
MCH-88G,unused
MD8-YFM,unused
MDB-CTX,unused
ME2-EXW,unused
ME8-XTD,unused
MET-VAY,unused
MEU-U3Z,unused
MF8-RQY,unused
MFE-3KM,unused
MFG-TDS,unused
MGA-8CS,unused
MGA-Z42,unused
MHA-ABR,unused
MJW-BG8,unused
MKF-52Z,unused
ML5-A6P,unused
MLA-CKJ,unused
MLB-C9S,unused
MLP-W2W,unused
MMG-MPS,unused
MMU-9NA,unused
MN2-YY7,unused
MNU-5CY,unused
MNV-HPP,unused
MNV-WWX,unused
MNY-KGQ,unused
MPM-34A,unused
MPM-DMM,unused
MQA-CMP,unused
MQP-G5T,unused
MQY-V5A,unused
MR2-5CJ,unused
MRD-4SR,unused
MT3-F3Y,unused
MT5-KVC,unused
MTB-PXT,unused
MTV-CYB,unused
MU6-9XD,unused
MU6-KHK,unused
MU8-YG2,unused
MVZ-D5B,unused
MWA-G6T,unused
MXA-MZQ,unused
MXB-YEK,unused
MXD-FWN,unused
MXS-QNW,unused
MXT-N3U,unused
MXY-ZDF,unused
MY4-9N6,unused
MYD-RCN,unused
MYL-33R,unused
MZ8-PPN,unused
MZU-435,unused
N4C-YYY,unused
N4S-VPF,unused
N5V-93L,unused
N66-VJK,unused
N6B-5VS,unused
N6F-SAH,unused
N74-F8Q,unused
N78-2A6,unused
N7Q-3GS,unused
N7U-79S,unused
N7Y-9ZP,unused
N8M-KRM,unused
N9K-7KC,unused
N9V-VUQ,unused
NA5-ZKW,unused
NA7-QMS,unused
NAU-TFZ,unused
NAV-CX3,unused
NB8-QL5,unused
NBJ-FY5,unused
NBR-TYJ,unused
NCU-WDR,unused
NDW-KGJ,unused
NE7-3K2,unused
NES-U2T,unused
NF2-NF5,unused
NF6-GEB,unused
NF6-Q5C,unused
NFB-H3G,unused
NG4-XUB,unused
NG5-9NK,unused
NG9-553,unused
NGC-6LK,unused
NGL-TV9,unused
NGX-32P,unused
NGY-GZC,unused
NH7-6LD,unused
NHU-826,unused
NJE-GJV,unused
NJK-54B,unused
NK7-PYS,unused
NKL-ZMT,unused
NLB-5QP,unused
NLU-PMC,unused
NLV-H6G,unused
NM5-QWU,unused
NMH-MEU,unused
NMQ-J5D,unused
NMT-TX8,unused
NNQ-6WV,unused
NNV-GSC,unused
NPW-VE7,unused
NQ3-JDD,unused
NQU-6B8,unused
NQU-KUW,unused
NRB-9ZT,unused
NSK-8F4,unused
NSL-MPC,unused
NSX-68Y,unused
NT2-QDJ,unused
NT8-U7U,unused
NTL-DH4,unused
NTM-BFG,unused
NTQ-29A,unused
NUF-BFS,unused
NUQ-6B2,unused
NUT-35X,unused
NUV-DMN,unused
NUX-H3Z,unused
NVJ-WZ8,unused
NW9-436,unused
NWD-WDU,unused
NWP-Q35,unused
NX7-YLA,unused
NX8-WF3,unused
NXG-LKR,unused
NXT-AVF,unused
NY2-PWG,unused
NYD-ZBS,unused
NYF-HC3,unused
NYM-FP6,unused
NYQ-EE9,unused
NZ9-P3Z,unused
NZN-FLP,unused
P43-VQC,unused
P46-QXE,unused
P4T-2AF,unused
P5A-SNL,unused
P5X-HYB,unused
P6D-N6C,unused
P7S-366,unused
P87-QWM,unused
P8C-6SG,unused
P8D-D68,unused
P9C-A2B,unused
P9C-AVN,unused
PAH-25V,unused
PAL-KE4,unused
PAP-4RM,unused
PB2-FJ6,unused
PB4-Z8J,unused
PB5-SN5,unused
PBE-XGQ,unused
PBG-DNM,unused
PBW-CWF,unused
PCV-KPC,unused
PD8-LKT,unused
PDD-2E7,unused
PDG-9M7,unused
PDK-FCH,unused
PDV-DZ2,unused
PE6-C79,unused
PE6-V3T,unused
PES-67B,unused
PGF-YJL,unused
PGL-PQ4,unused
PGM-PJD,unused
PGQ-XBV,unused
PHJ-2YJ,unused
PHM-RF2,unused
PJP-26B,unused
PK3-KBT,unused
PKC-B8P,unused
PKS-JSL,unused
PKV-N7S,unused
PLK-37P,unused
PLW-GQD,unused
PMH-724,unused
PMM-C94,unused
PNA-X6Z,unused
PNB-TUB,unused
PNZ-MCH,unused
PP5-3HS,unused
PPH-BMR,unused
PPS-QV5,unused
PQ6-RR2,unused
PQY-669,unused
PR5-T83,unused
PRU-CTU,unused
PSE-LAQ,unused
PTV-PT8,unused
PUA-LUV,unused
PUP-L7W,unused
PVB-QBN,unused
PVX-SH4,unused
PWL-9T8,unused
PWV-PM3,unused
PX5-4P9,unused
PXG-Z5J,unused
PXX-VHV,unused
PZG-MN9,unused
PZR-7TW,unused
Q26-2EG,unused
Q27-AVJ,unused
Q2N-3MJ,unused
Q2R-5B8,unused
Q2T-NDU,unused
Q33-VZL,unused
Q36-QKE,unused
Q3E-5EM,unused
Q3G-CDY,unused
Q3H-CRL,unused
Q3Q-VF6,unused
Q3V-RNK,unused
Q44-F3B,unused
Q49-UHM,unused
Q4Q-6Z6,unused
Q54-ZYP,unused
Q59-2BU,unused
Q5N-ED7,unused
Q6B-B56,unused
Q6B-FAR,unused
Q6M-6CN,unused
Q7Q-V4U,unused
Q7T-5V3,unused
Q8J-SQ8,unused
Q8U-FFT,unused
Q92-X6J,unused
QAE-ZNQ,unused
QAS-YAF,unused
QBK-ZVQ,unused
QBW-YQQ,unused
QCB-LSX,unused
QCV-9QK,unused
QD4-48X,unused
QDB-SZ4,unused
QDE-ACQ,unused
QDH-YMM,unused
QDW-YZG,unused
QDZ-8XZ,unused
QE6-MNL,unused
QE7-KME,unused
QE8-RHA,unused
QEG-E45,unused
QFF-FAH,unused
QFT-XTA,unused
QG7-J7P,unused
QGG-9QV,unused
QJ6-KCB,unused
QJD-B4C,unused
QJQ-KFD,unused
QJT-TVQ,unused
QK9-2MX,unused
QKM-87J,unused
QLB-GP2,unused
QLC-SMQ,unused
QLE-9W7,unused
QM6-VRR,unused
QM8-MPT,unused
QME-WNG,unused
QMS-6HC,unused
QN6-PGP,unused
QNY-HLX,unused
QPS-PWV,unused
QQE-KRJ,unused
QQE-PXM,unused
QRZ-EEA,unused
QSE-HHL,unused
QSM-V6C,unused
QSN-3DM,unused
QSP-FK3,unused
QT7-RSA,unused
QTJ-4T3,unused
QU7-LH3,unused
QUM-N5J,unused
QUV-KLG,unused
QV3-3LH,unused
QVF-3NY,unused
QVZ-REV,unused
QWQ-TJY,unused
QWU-SU9,unused
QX2-M3S,unused
QXC-EEG,unused
QXG-Z54,unused
QYA-CE4,unused
QYL-8YP,unused
R22-GEG,unused
R3H-XDY,unused
R3N-NY2,unused
R45-SQV,unused
R4E-JFL,unused
R4P-LZ9,unused
R4U-E6Q,unused
R4U-F6J,unused
R5W-GPQ,unused
R6G-AWR,unused
R6S-TYT,unused
R6Z-V6U,unused
R75-89U,unused
R7A-NEY,unused
R7E-8BJ,unused
R7U-APS,unused
R7W-B92,unused
R8Q-Z4Y,unused
R8Z-C76,unused
R9E-9CF,unused
R9V-RWX,unused
RA6-ME6,unused
RAD-BCZ,unused
RAJ-DYP,unused
RAK-B22,unused
RAR-2NH,unused
RBN-FXF,unused
RC3-WFR,unused
RC8-4VG,unused
RCK-9C7,unused
RCN-ED5,unused
RCQ-9FK,unused
RDL-EWK,unused
RDS-ZEE,unused
REM-6BP,unused
RF9-4ZM,unused
RFB-QX4,unused
RG2-CCD,unused
RGL-4WB,unused
RGV-PKP,unused
RH7-X2Y,unused
RHF-2CJ,unused
RHN-66W,unused
RJ8-3AH,unused
RKH-YSJ,unused
RKX-YWE,unused
RKY-J9T,unused
RL2-HSJ,unused
RLU-S7T,unused
RLU-X3F,unused
RMH-9A3,unused
RMK-ZBY,unused
RMU-CJJ,unused
RN2-44Z,unused
RNA-UZ5,unused
RPL-SSA,unused
RPP-4QB,unused
RPY-N6P,unused
RRG-KML,unused
RRN-XG3,unused
RRY-N66,unused
RSJ-W8A,unused
RSR-FC8,unused
RSX-BET,unused
RTV-P5H,unused
RTX-A3L,unused
RV5-ERG,unused
RVK-CNH,unused
RX2-XEB,unused
RY5-5JU,unused
RYJ-C3B,unused
RYQ-422,unused
RZC-ZDQ,unused
RZK-WV7,unused
RZR-CKS,unused
RZZ-ADD,unused
S2E-BC4,unused
S2M-4V7,unused
S2Y-3PS,unused
S35-N86,unused
S39-UJA,unused
S3S-5W4,unused
S44-S54,unused
S4D-CHL,unused
S4P-3AN,unused
S4S-MGL,unused
S5D-DTY,unused
S5R-5Y8,unused
S5Z-MP5,unused
S64-WQZ,unused
S66-G8G,unused
S6R-YQ7,unused
S6U-US5,unused
S6X-MXB,unused
S87-T2F,unused
S8R-4U3,unused
S8S-UWZ,unused
S9Q-HKD,unused
S9R-S9P,unused
SAH-9HR,unused
SB5-YZQ,unused
SBP-ZGB,unused
SBY-X4P,unused
SC2-E9D,unused
SCK-N5U,unused
SCT-VKW,unused
SCV-CC3,unused
SCY-F9B,unused
SDE-8BQ,unused
SDH-NDA,unused
SDU-UZ2,unused
SEY-YTM,unused
SFA-PKS,unused
SFF-TGV,unused
SFT-WQH,unused
SGC-VDH,unused
SGM-MHJ,unused
SHF-AY7,unused
SJ5-CRT,unused
SJP-R92,unused
SK7-RA4,unused
SK9-S5A,unused
SKF-KJ7,unused
SM7-W7N,unused
SMS-MWX,unused
SMX-TMF,unused
SMY-L3P,unused
SN9-6CV,unused
SNB-NTU,unused
SNW-LLR,unused
SNW-NM4,unused
SP5-GED,unused
SP9-S5T,unused
SPA-SF7,unused
SPB-3PY,unused
SPJ-XLU,unused
SPX-KQT,unused
SQA-BCK,unused
SR3-VB8,unused
SRG-K7T,unused
SRQ-GCK,unused
SRT-VKV,unused
SSD-YZ9,unused
SUA-C9J,unused
SUJ-YD5,unused
SUS-RPD,unused
SVC-XX7,unused
SWF-WVX,unused
SWP-9EG,unused
SY9-JFJ,unused
SYN-XKN,unused
SZ4-RG9,unused
SZ6-E3T,unused
SZG-3DC,unused
T25-BLR,unused
T26-YW6,unused
T2E-UGN,unused
T2G-B95,unused
T2P-8H8,unused
T43-6LD,unused
T4Q-U7G,unused
T4X-U8Y,unused
T5A-JQY,unused
T5N-7FB,unused
T67-P8L,unused
T6Z-GGW,unused
T7C-EV6,unused
T7K-XY4,unused
T7P-XUR,unused
T8G-TT3,unused
T8J-HTQ,unused
T8P-RFX,unused
T8U-Q2S,unused
T8Z-QBA,unused
T9M-MTM,unused
TAC-QL7,unused
TAN-DJX,unused
TB4-Y47,unused
TCN-TCN,unused
TD3-H4B,unused
TD5-LAE,unused
TDH-RRT,unused
TDQ-DHB,unused
TEV-WX6,unused
TFB-B6B,unused
TFB-TQ3,unused
TFS-BDQ,unused
TG6-QGE,unused
TGA-CSV,unused
TGC-SZX,unused
TGF-NMF,unused
TJ2-2SP,unused
TJX-CUZ,unused
TK8-DQ8,unused
TKV-AB7,unused
TLA-EZL,unused
TLE-V6M,unused
TLN-NY4,unused
TMB-76Q,unused
TMF-UCN,unused
TMR-KEM,unused
TNA-NEG,unused
TNB-D7Z,unused
TNS-SB5,unused
TNV-R5W,unused
TP6-YCK,unused
TPB-FVF,unused
TPD-6AB,unused
TPU-J3R,unused
TQ5-ABK,unused
TQD-E8Y,unused
TQJ-NJH,unused
TQL-9FP,unused
TQQ-DBK,unused
TRP-2UU,unused
TSA-TPN,unused
TTC-THS,unused
TTK-ZBE,unused
TTS-CM6,unused
TUD-GFF,unused
TUJ-4R8,unused
TUL-T2P,unused
TUN-KHP,unused
TUS-VYV,unused
TUW-2KM,unused
TV8-PGR,unused
TVV-Z76,unused
TVX-EQH,unused
TW9-LGH,unused
TWL-3SA,unused
TWP-ES6,unused
TX7-W88,unused
TXW-DJB,unused
TYA-LCV,unused
TYF-EQZ,unused
TYK-ZDM,unused
TYS-R87,unused
TYX-MNJ,unused
TZE-SNR,unused
TZJ-6KB,unused
TZV-XUX,unused
U2W-P52,unused
U33-HWT,unused
U39-XRT,unused
U3E-LWA,unused
U3S-PYU,unused
U48-FC5,unused
U4G-RZH,unused
U4T-MMD,unused
U4V-ZJG,unused
U4W-T2V,unused
U4X-UAA,unused
U5J-W53,unused
U62-NWN,unused
U6E-ZU3,unused
U6T-Z6P,unused
U76-8U3,unused
U7K-J8N,unused
U82-F9Q,unused
U8J-QKM,unused
U8P-DZF,unused
U9J-ZR3,unused
UAC-QYW,unused
UB2-9D3,unused
UC7-CM2,unused
UEM-NEM,unused
UET-M3X,unused
UEV-655,unused
UGH-C4P,unused
UGR-XL7,unused
UGY-EF7,unused
UH7-DC3,unused
UH8-ETD,unused
UHA-825,unused
UHB-BSL,unused
UJK-HD6,unused
UKZ-UFN,unused
UL4-265,unused
ULJ-S3F,unused
UM3-Y3F,unused
UMR-R2V,unused
UN2-YHZ,unused
UNB-6YF,unused
UNG-KRZ,unused
UNH-FJL,unused
UNN-MD3,unused
UNR-5CQ,unused
UPJ-8YN,unused
UPQ-NFX,unused
UQ4-EWB,unused
UQ6-BNV,unused
UQA-SFK,unused
UQE-3A3,unused
URG-RZZ,unused
URL-HM6,unused
URR-MLL,unused
URW-KZ6,unused
UTY-8X8,unused
UUD-NAG,unused
UUH-HN3,unused
UV9-RB9,unused
UW2-HGN,unused
UW9-853,unused
UWM-A6P,unused
UWS-X4J,unused
UXE-BCR,unused
UXL-HLS,unused
UXS-QL8,unused
UY3-W4H,unused
UYF-UL2,unused
UZ2-472,unused
UZ5-FMP,unused
UZC-B32,unused
UZY-CX3,unused
V2E-UKU,unused
V2P-9UJ,unused
V2S-ZT6,unused
V3V-637,unused
V3Y-2TX,unused
V45-4P8,unused
V4U-6MW,unused
V5J-5SN,unused
V6C-FER,unused
V6S-TVF,unused
V7D-H6U,unused
V84-7DR,unused
V8N-Q9C,unused
V9G-SPZ,unused
V9M-XT3,unused
VB9-7SC,unused
VBC-24N,unused
VBT-UE4,unused
VCF-DB9,unused
VCM-SMR,unused
VD2-X4G,unused
VDR-WR8,unused
VDZ-M7T,unused
VDZ-RHT,unused
VF9-5MJ,unused
VF9-JVM,unused
VFD-TMN,unused
VFK-SXH,unused
VGB-EK3,unused
VHU-KB9,unused
VHW-ZH8,unused
VJ2-ADG,unused
VJ2-JVG,unused
VJ9-LZ9,unused
VK4-7Q5,unused
VL3-4J6,unused
VLJ-VBY,unused
VLL-EMY,unused
VMK-6S4,unused
VN3-U69,unused
VP9-5H7,unused
VPF-NZJ,unused
VPT-5AP,unused
VQ5-TU3,unused
VQD-QDY,unused
VQH-NY9,unused
VQP-6ZL,unused
VQV-56E,unused
VQW-74T,unused
VRH-NCC,unused
VRU-A7E,unused
VSC-US4,unused
VSY-GB6,unused
VT4-JL2,unused
VT7-38F,unused
VTD-UL6,unused
VUH-FEK,unused
VUV-56W,unused
VVV-EVH,unused
VVY-288,unused
VW5-38L,unused
VWK-85M,unused
VWR-2MQ,unused
VYF-HMP,unused
VYG-WUR,unused
VZN-DDN,unused
W24-TPM,unused
W3X-UW4,unused
W45-HDQ,unused
W4P-TA6,unused
W5D-Z92,unused
W5E-4TL,unused
W5T-UF4,unused
W6S-KKL,unused
W6V-BP9,unused
W7K-BLD,unused
W7L-JFD,unused
W95-KAW,unused
WAT-JPW,unused
WB6-GEQ,unused
WBB-XEB,unused
WBG-97X,unused
WC9-76S,unused
WCA-VFB,unused
WCJ-T9T,unused
WCM-GS7,unused
WCR-9XR,unused
WCZ-GPG,unused
WDT-H8W,unused
WDX-U9R,unused
WE5-JAF,unused
WEP-6K5,unused
WEZ-SW6,unused
WF8-9EV,unused
WFQ-C9Z,unused
WFY-6XT,unused
WG5-SXE,unused
WHE-8GX,unused
WHL-6NA,unused
WHM-9TC,unused
WJ9-AQM,unused
WKM-B54,unused
WKZ-EUX,unused
WLE-SS3,unused
WLQ-F3J,unused
WLX-GFH,unused
WMC-VM2,unused
WMG-TXC,unused
WMT-HD7,unused
WMX-4JF,unused
WNT-CCR,unused
WNT-KXL,unused
WNU-GQH,unused
WNW-9H7,unused
WPC-ZCM,unused
WQ3-58S,unused
WQ5-VQZ,unused
WQ5-YUU,unused
WQK-QNF,unused
WR6-F82,unused
WRQ-WGM,unused
WTL-GGC,unused
WU7-2KC,unused
WUD-LFH,unused
WV6-NC5,unused
WV8-6B7,unused
WVD-WYG,unused
WVM-VNB,unused
WVX-57X,unused
WW7-D86,unused
WX5-DZL,unused
WX6-ZH4,unused
WXW-VFY,unused
WYS-GA5,unused
WZ3-TBX,unused
X26-ZC3,unused
X37-NXK,unused
X3F-4H2,unused
X3F-CX3,unused
X3R-8T8,unused
X3U-NHM,unused
X42-8R6,unused
X54-JS6,unused
X5V-BJM,unused
X6J-EYH,unused
X6U-95Q,unused
X6Y-PUM,unused
X76-AZJ,unused
X7V-8ZX,unused
X87-ABP,unused
X8G-7A2,unused
X9K-HQQ,unused
X9K-VP2,unused
XA8-5BP,unused
XAL-LD5,unused
XB2-2JT,unused
XBF-4YR,unused
XCD-PZ3,unused
XCH-9ZN,unused
XCJ-QB8,unused
XCP-GSA,unused
XD2-LKR,unused
XD8-4TS,unused
XDJ-2BW,unused
XDK-YP2,unused
XDM-BGJ,unused
XFA-3ES,unused
XFT-Y5Q,unused
XGU-8VV,unused
XGV-ECK,unused
XGX-6BL,unused
XGY-TFD,unused
XHP-MJF,unused
XHW-BGE,unused
XHX-A48,unused
XJ3-HSV,unused
XJK-BAX,unused
XJM-PTH,unused
XJQ-T67,unused
XJS-UXV,unused
XJY-SSB,unused
XK7-5ER,unused
XKA-6VY,unused
XKQ-UEY,unused
XKR-39H,unused
XKW-RWC,unused
XLV-VET,unused
XMN-T94,unused
XNE-9T3,unused
XNX-N3Z,unused
XP8-R4P,unused
XPB-7SN,unused
XPT-99G,unused
XQ2-TPD,unused
XQ4-DJF,unused
XQG-SLV,unused
XQQ-TYB,unused
XRD-FYT,unused
XRH-H2A,unused
XRM-Y9A,unused
XRR-W6C,unused
XRV-69K,unused
XSP-DDZ,unused
XSX-YG6,unused
XT2-4EU,unused
XT5-8KK,unused
XTR-5HH,unused
XTV-G7R,unused
XUK-4SV,unused
XUW-T4N,unused
XV6-UDH,unused
XV9-553,unused
XVA-PPK,unused
XVV-AVH,unused
XVW-GB8,unused
XVW-W4K,unused
XWA-V7X,unused
XWQ-MBQ,unused
XX9-N86,unused
XXX-2NX,unused
XYA-Q6Q,unused
XYE-HKK,unused
XYN-JEG,unused
XZ8-D6Z,unused
XZF-ZFJ,unused
XZX-Y4Z,unused
Y2M-W7X,unused
Y2U-YZ9,unused
Y34-5CH,unused
Y3C-AEK,unused
Y3X-FFX,unused
Y45-N25,unused
Y47-HQV,unused
Y4F-ZG3,unused
Y4X-KG9,unused
Y5R-DXB,unused
Y8D-WV5,unused
Y8E-5QK,unused
Y8H-9MP,unused
Y8T-77K,unused
Y8V-PB9,unused
Y8Y-5Z2,unused
Y9A-YGE,unused
YA8-U4Y,unused
YAF-4KV,unused
YAJ-MWW,unused
YAQ-9UF,unused
YAZ-6WE,unused
YDN-ZPB,unused
YE8-39U,unused
YEQ-FRY,unused
YEU-B97,unused
YEU-LR8,unused
YF6-Y58,unused
YF9-C6K,unused
YF9-GCU,unused
YF9-GVE,unused
YFN-BJ2,unused
YFQ-5G4,unused
YG6-7X7,unused
YGP-AL2,unused
YHQ-3M5,unused
YHZ-Q4N,unused
YJK-TJR,unused
YKX-QMT,unused
YKZ-5PB,unused
YL3-VKN,unused
YL8-WZH,unused
YLB-ZBR,unused
YLT-2Z8,unused
YLU-UMW,unused
YMB-PEH,unused
YN8-682,unused
YNH-REA,unused
YPX-3KS,unused
YPX-BPU,unused
YQ6-8LG,unused
YQG-L8N,unused
YQH-ZBQ,unused
YRC-L7F,unused
YRJ-Q4M,unused
YRN-Z43,unused
YRU-UCB,unused
YS5-HCW,unused
YSC-ZX2,unused
YT7-Q69,unused
YTG-EAN,unused
YU7-LB7,unused
YUH-AG6,unused
YVS-WPA,unused
YW5-9FQ,unused
YWZ-KWL,unused
YX2-TGJ,unused
YXD-KDN,unused
YXH-PUF,unused
YY4-HU9,unused
YYB-WG9,unused
YYC-KH8,unused
YYE-QVN,unused
YYF-YQ2,unused
YYL-Q5G,unused
YYP-9MR,unused
YZE-PAB,unused
YZK-7G4,unused
Z27-BP8,unused
Z2C-PYP,unused
Z2J-VT9,unused
Z2Z-LRK,unused
Z33-QMG,unused
Z3D-2DZ,unused
Z3N-4P7,unused
Z4A-YNA,unused
Z5H-BB4,unused
Z5S-Y7S,unused
Z5W-AW5,unused
Z6A-LEC,unused
Z6R-XAH,unused
Z6Z-6KX,unused
Z7H-7RL,unused
Z7P-EHL,unused
Z7Q-LW9,unused
Z7Y-Z77,unused
Z8C-CNU,unused
Z8C-XPK,unused
Z8F-RUS,unused
Z92-QZZ,unused
Z9B-ET5,unused
ZBD-8V9,unused
ZBK-HGW,unused
ZBV-SGX,unused
ZCJ-ZR7,unused
ZCQ-4KK,unused
ZEG-VVB,unused
ZFN-R8D,unused
ZFY-E7N,unused
ZGA-PKJ,unused
ZGN-6GS,unused
ZGZ-L9D,unused
ZHA-JKM,unused
ZJ5-3ZN,unused
ZJM-TRX,unused
ZKB-RRR,unused
ZKD-JDM,unused
ZKF-BSA,unused
ZL2-FF2,unused
ZL3-TLQ,unused
ZL6-VYG,unused
ZLA-DDA,unused
ZLE-3PX,unused
ZLV-6BB,unused
ZM8-WZ2,unused
ZMG-P7X,unused
ZMX-2NZ,unused
ZPN-44B,unused
ZPT-9JB,unused
ZQK-LHD,unused
ZR9-HQV,unused
ZRH-TZF,unused
ZRN-BL2,unused
ZSG-LJW,unused
ZSX-CNE,unused
ZT6-LZ3,unused
ZUE-CCS,unused
ZUZ-JSL,unused
ZVP-JTW,unused
ZVU-ZZU,unused
ZWP-QJN,unused
ZWQ-H9C,unused
ZX9-M2H,unused
ZXH-9SV,unused
ZXM-9VZ,unused
ZXS-K2T,unused
ZY6-A6X,unused
ZYH-CCY,unused
ZYN-4NG,unused
ZZF-6RM,unused
ZZR-RWV,unused
